age,income,spend,segment,bucket,income_divided_by_spend
-1.25,-0.782608695652174,-1.2727272727272727,A,T1,0.6149068322981367
0.25,0.2608695652173913,0.18181818181818182,B,T3,1.434782608695652
-0.25,-0.2608695652173913,-0.18181818181818182,A,T2,1.434782608695652
1.25,1.6521739130434783,1.6363636363636365,C,T5,1.0096618357487923
